<?xml version="1.0" encoding="UTF-8"?>
<project-private xmlns="http://www.netbeans.org/ns/project-private/1">
    <editor-bookmarks xmlns="http://www.netbeans.org/ns/editor-bookmarks/2" lastBookmarkId="0"/>
    <open-files xmlns="http://www.netbeans.org/ns/projectui-open-files/2">
        <group>
            <file>file:/D:/IT/SachPDF/DSA/2048/2048-trungver/src/pkg2048/Panel.java</file>
            <file>file:/D:/IT/SachPDF/DSA/2048/2048-trungver/src/pkg2048/Button.java</file>
            <file>file:/D:/IT/SachPDF/DSA/2048/2048-trungver/src/pkg2048/MainMenuPanel.java</file>
            <file>file:/D:/IT/SachPDF/DSA/2048/2048-trungver/src/pkg2048/PlayPanel.java</file>
            <file>file:/D:/IT/SachPDF/DSA/2048/2048-trungver/src/pkg2048/Start.java</file>
            <file>file:/D:/IT/SachPDF/DSA/2048/2048-trungver/src/pkg2048/LeaderboardsPanel.java</file>
            <file>file:/D:/IT/SachPDF/DSA/2048/2048-trungver/src/pkg2048/GameBoard.java</file>
            <file>file:/D:/IT/SachPDF/DSA/2048/2048-trungver/src/pkg2048/Game.java</file>
        </group>
    </open-files>
</project-private>
